date,topline,headline,content
30.11.2007 17:45 Uhr,Großaufträge für deutsche Firmen?,EU einigt sich bei Galileo,"Inzwischen fanden die Minister in Nachverhandlungen eine Einigung. Über Einzelheiten der Übereinkunft mit den spanischen Vertretern wurde bisher nichts bekannt. Deutschland hatte neue Vorschläge zu der von Spanien geforderten Kontrollstation gemacht, bestätigten Diplomaten in Brüssel. Der Rat zielte auf eine Formulierung ab, ""um letztlich doch alle an Bord zu haben"". Spanien hatte den ersten Beschluss für ungültig gehalten. Normalerweise verabschiedet der Ministerrat entsprechende Schlussfolgerungen stets einstimmig. Die portugiesische EU- Ratspräsidentschaft hatte hingegen versichert, auch nicht einstimmig getroffene Entscheidungen seien rechtlich bindend. Bundesverkehrsminister Wolfgang Tiefensee zeigte sich hocherfreut. Es sei gelungen, der deutschen Industrie einen ""angemessenen Anteil zu sichern"". So stehe nun fest, dass eines der Kontrollzentren für Galileo in Bayern stehen werde: ""Oberpfaffenhofen ist eine tragende Säule für dieses System"". Beim Satelliten-Bau habe Deutschland mit EADS Astrium gute Chancen auf ""einen großen Anteil"", sagte Tiefensee weiter. Der Bau der Satelliten dürfte nach Industrieangaben mit 1,2 Milliarden Euro den Löwenanteil an den Gesamtkosten ausmachen. Außer in Pfaffenhofen entsteht ein weiteres Kontrollzentrum in Fucino in Italien. Nach der Einigung hofft die deutsche EADS-Raumfahrtsparte Astrium auf die Systemführerschaft beim Bau der Satelliten. ""Astrium hat die Fähigkeit und den Willen, die Satelliten für Galileo zu bauen - wir sind bereit"", sagte der Vorsitzende der Geschäftsführung der Astrium GmbH, Evert Dudok. Die europäischen Verkehrsminister hätten ""wichtige und richtige Entscheidungen"" für den Aufbau von Galileo getroffen. In der vergangenen Woche hatten die Finanzminister beschlossen, die für Galileo benötigten zusätzlichen 2,4 Milliarden Euro aus dem EU-Haushalt zu finanzieren. Galileo soll von 2013 an mit 26 Satelliten dem amerikanischen GPS-System Konkurrenz machen. "
29.11.2007 21:35 Uhr,EU will Zigaretten mit Feuerschutz,Glimmstängel sollen weniger glimmen,"Dazu werden sie mit einer Art Feuerschutz ausgestattet. Das Zigarettenpapier soll nach Angaben der Behörde mit dünnen feuerhemmenden Schichten präpariert werden. Damit werde das Risiko verringert, dass beispielsweise Stoffe und Papier in Wohnungen, aber auch Felder und Wälder in Flammen aufgehen, wenn eine Zigarette achtlos weggeworfen wird. Glimmende Zigaretten seien oft schuld an Zimmer- und Waldbränden, sagte Verbraucherschutz-Kommissarin Meglena Kuneva. Jährlich entstünden in 14 europäischen Staaten, für die entsprechende Zahlen vorliegen, 11.000 Brände mit mehr als 500 Toten und 1600 Verletzten. In Italien etwa seien weiterglimmende Zigaretten für ein Drittel der unabsichtlich entstanden Waldbrände verantwortlich. Die Idee der feuersicheren Zigarette ist nicht neu: Der US-Bundesstaat New York hat den Herstellern entsprechende Standards bereits 2004 zur Auflage gemacht. Andere US-Staaten zogen nach oder werden das noch tun. In Kanada müsse das Zigarettenpapier schon seit Oktober 2005 speziell behandelt werden, so die EU-Kommission. Die EU will im Frühjahr 2008 einen konkreten Vorschlag machen. Dann könnte die europäische Tabakindustrie binnen zwei bis drei Jahren auf den neuen Sicherheits-Standard verpflichtet werden. "
29.11.2007 14:45 Uhr,Europaparlament stimmt für Kompromiss,Das Waffenrecht in der EU wird verschärft,"Um eine bessere Rückverfolgbarkeit zu gewährleisten, muss jede Waffe zudem schon bei ihrer Herstellung eine Kennzeichnungsnummer erhalten. Waffenlieferungen in einen anderen EU-Staat müssen den Behörden gemeldet werden. Die EU verspricht sich von der Richtlinie mehr Wirkung im Kampf gegen illegalen Waffenhandel. Das Mindestalter beim Kauf der Waffen wird bei 18 Jahren liegen. Allerdings können EU-Staaten, die ein höheres Mindestalter vorschreiben, diese Regelung beibehalten. In Deutschland dürfen Waffen erst ab 21 gekauft werden. In Finnland war der Verkauf von Feuerwaffen an Jäger und Sportschützen bislang schon ab einem Alter von 15 Jahren erlaubt. Mit den EU-Regierungen sind die Inhalte der neuen Richtlinie bereits abgestimmt, sie muss nur noch formal vom Ministerrat abgesegnet werden. "
29.11.2007 04:40 Uhr,EU will Waffenrecht drastisch verschärfen,"""Die Bürger haben einen Anspruch auf Sicherheit""","Hinzu komme, dass jede Waffe künftig markiert werden müsse. Die Kennzeichnung enthalte Daten über Hersteller, Herstellungsort, Herstellungsjahr und eine Seriennummer, sagte Verheugen. Dabei müsse die Kennzeichnung so angebracht werden, dass sie nicht entfernt werden könne, ohne die Waffe unbrauchbar zu machen. Zudem werde künftig EU-weit jeder Waffenhändler verpflichtet, die Daten einer Waffe so lange aufzuheben, wie er sein Geschäft betreibt und nicht wie bisher fünf Jahre. Nach den neuen Vorschriften wird niemand mehr unter 18 Jahren in der EU eine Waffe kaufen können. Auch die Bundesregierung plant eine Verschärfung des Waffenrechts. Das Kabinett beschloss in der vergangenen Woche, dass das Führen von Waffenimitationen verboten werden soll. Bei den so genannten Anscheinswaffen handelt es sich um täuschend echte Maschinenpistolen, Kriegswaffen und Pumpgun-Imitate. Die Waffen dürfen nicht mehr öffentlich getragen, aber weiterhin verkauft und besessen werden. "
28.11.2007 16:13 Uhr,EU deckt internationales Kartell auf,Halbe Milliarde Euro Strafe für Glashersteller,"Geschäftskunden und letztlich die Verbraucher in Europa müssten mit höheren Preisen für solche verbotene Kartelle zahlen, sagte Kroes. Deshalb habe ihre Behörde eine so hohe Geldbuße verhängt. Saint-Gobain muss knapp 134 Millionen Euro zahlen, Pilkington 140 Millionen Euro und Guardian 148 Millionen Euro. Weil die Asahi mit der Kommission kooperierte, wurde deren Buße auf 65 Millionen Euro gekürzt. Flachglas wird für die Herstellung von Fenstern, Türen und Spiegeln gebraucht. Die vier am Kartell beteiligten Firmen, die zwischen Anfang 2004 und Anfang 2005 die Preise absprachen, deckten 2004 laut Kommission mindestens 80 Prozent dieses Markts mit einem Jahresumsatz von etwa 1,7 Milliarden Euro ab. Die illegalen Praktiken seien nach ersten Hinweisen von nationalen Wettbewerbsbehörden bei Inspektionen von Geschäftsräumen der Konzerne im Frühjahr 2005 aufgedeckt worden, erklärte die EU-Kommission. Es ist eine der höchsten Geldbußen, die die Kommission jemals gegen ein Kartell verhängt hat. Im Februar hatte die Behörde wegen eines von fünf Industriegruppen gebildeten Kartells für Aufzüge und Rolltreppen eine Buße von 992 Millionen Euro entschieden. Die Unternehmen hatten sich fast zehn Jahre lange geheim über Preise und die Aufteilung der Märkte abgesprochen. "
27.11.2007 20:42 Uhr,Nahost-Konferenz in Annapolis,So sollen die Friedensverhandlungen ablaufen,
26.11.2007 21:17 Uhr,Bericht zur Lage von Asylbewerbern,EU-Kommission kritisiert deutsche Asylpolitik,"So gebe es in Deutschland wie in acht anderen EU-Staaten kein Verfahren, um besonders schutzbedürftige Flüchtlinge wie beispielsweise Gewaltopfer zu erkennen. Die Kommission merkt weiter an, Deutschland sei neben Portugal und Schweden der einzige EU-Staat, in dem unbegleitete Minderjährige über 16 Jahren statt in Pflegefamilien oder Sondereinrichtungen in Asylbewerberheimen für Erwachsene untergebracht würden. Zudem habe Berlin die Vorschrift nicht umgesetzt, Flüchtlingen spätestens drei Tage nach Eingang ihres Asylantrags ein offizielles Dokument über ihren Rechtsstatus auszustellen. Bei der Versorgung der Bewerber mit Nahrung, Kleidung und Unterkunft fällt Deutschland nicht negativ auf. Die deutsche Praxis, die Bewegungsfreiheit von Asylbewerbern auf einen bestimmten Verwaltungsbezirk zu beschränken, wurde als vergleichsweise restriktiv, aber EU-rechtskonform gekennzeichnet. ""Ernste Probleme"" sieht die Kommission in Belgien, Großbritannien, Italien, Luxemburg, Polen und anderen Ländern: Sie ließen die EU-Richtlinie nicht für eingesperrte Flüchtlinge gelten. "
26.11.2007 17:21 Uhr,Kostenbegrenzung für mobile Dienste,EU-Kommission will Daten-Roaming billiger machen,"Andernfalls würde erneut die Kommission mit Unterstützung des Europaparlaments eingreifen, führte Reding weiter aus. ""Wir können das hinkriegen wie beim Gesprächs-Roaming"", erklärte sie. Das Europaparlament hatte am 23. Mai eine von der EU-Kommission ausgearbeitete Verordnung über Preisobergrenzen im EU-weiten Handy-Roaming gebilligt. Infolge der im Sommer in Kraft getretenen neuen Bestimmung reduzierten sich die Kosten beim Handy-Telefonieren im Ausland um bis zu 70 Prozent. Die Roaming-Gebühren für SMS- und Datendienste blieben von der Maßnahme unberührt. "
26.11.2007 09:33 Uhr,Nach dem EU-Beitritt Rumäniens,Opposition gewinnt Wahl zum EU-Parlament,"Eigentlich hatte die Europa-Wahl schon im Mai stattfinden sollen, sie war aber wegen einer politischen Krise an der Staatsspitze verschoben worden. Rumänien ist der EU zum 1. Januar 2007 beigetreten und entsendet 35 Abgeordnete ins Europaparlament. Die Parlamentarier sollen ihr Land bis zu den nächsten Europawahlen 2009 vertreten. Ein Jahr vor der Wahl des rumänischen Parlaments gilt das Votum als Stimmungsbarometer für die größten Parteien des Landes. "
26.11.2007 08:50 Uhr,Nahost-Konferenz in Annapolis,"""Die Erwartungshaltung ist gering""",
25.11.2007 09:55 Uhr,Interview mit dem hessischen Spitzengrünen Al-Wazir,"""Wir bekommen richtig Rückenwind""",
25.11.2007 09:10 Uhr,Nach dem EU-Beitritt,Rumänen wählen erstmals ihre EU-Abgeordneten,"Eigentlich hatte die Europa-Wahl schon im Mai stattfinden sollen, sie war aber wegen einer politischen Krise an der Staatsspitze verschoben worden. Rumänien ist der EU zum 1. Januar 2007 beigetreten. Der Beitrittsvertrag schreibt die Wahl der Abgeordneten noch in diesem Jahr vor. Die Bürger sollen heute auch über eine Reform des Wahlrechts abstimmen. Beobachter befürchten allerdings eine ausgesprochen niedrige Wahlbeteiligung. Die Wahllokale schließen um 21.00 Uhr. Erste Hochrechnungen sollen direkt im Anschluss veröffentlicht werden. "
24.11.2007 05:14 Uhr,Kommission setzt Industrie unter Druck,EU will Produktion klimaschädlicher Autos bestrafen,"Neuwagen in Europa dürften danach ab 2012 durchschnittlich nur noch 120 Gramm Kohlendioxid pro Kilometer ausstoßen, teilte der Präsident mit. ""Dieser Grenzwert mag der Autoindustrie hart vorkommen - aber er ist zu schaffen. Zumal wir den Grenzwert auf Fahrzeugflotten, nicht auf einzelne Modelle beziehen."" Der Präsident betonte, Klimaschutz und Wirtschaftswachstum seien durchaus miteinander vereinbar. ""Wir stehen am Beginn einer neuen industriellen Revolution. Wenn wir zu den ersten gehören, die auf klimafreundliche Technologien umsteigen, werden wir Wettbewerbsvorteile haben"", sagte Barroso. Er lobte die ""Fortschrittlichen unter den Autobossen"", die den Klimawandel bereits ""als Herausforderung und Chance"" begriffen. Das zeige nicht nur Toyota mit seinen Hybrid-Fahrzeugen, sondern auch BMW mit der Technologie ""Efficient Dynamics"". "
22.11.2007 16:39 Uhr,Gefährliches Spielzeug,EU-Kommission zufrieden mit China,"Die Europäische Union sieht keinen Grund mehr für ein Einfuhrverbot von Spielzeug aus China. Die chinesischen Behörden hätten die Sicherheitskontrolle der Produkte in den vergangenen Monaten erheblich verstärkt, sagte EU-Verbraucherschutz-Kommissarin Meglena Kuneva in Brüssel. Die EU setze weiter auf Kooperation und werde über das Thema auch auf dem EU-China-Gipfel in der kommenden Woche beraten. Im September hatte Kuneva noch mit einem Importstopp gedroht, falls China nicht schärfer gegen Schadstoffe und Sicherheitsmängel vorgehe. Doch davon war jetzt keine Rede mehr. Die chinesischen Behörden reagierten darauf mit vermehrten Kontrollen. Nach einer Statistik der Kommission wurden von Juli bis September mit 184 mehr als doppelt so viele Prüfungen vorgenommen wie in den zwölf Monaten zuvor. China wolle außerdem bis Dezember 2007 ein eigenes Meldesystem nach dem Vorbild des europäischen einrichten. "
22.11.2007 15:38 Uhr,EU-Drogenbericht 2007,Kokain-Konsum steigt dramatisch an,"Beim Kokain-Konsum zeige sich ein ""erschreckendes Bild"", sagte EBDD-Direktor Wolfgang Götz. Kokain sei in den Augen der Nutzer der ""aufsteigende Stern"" unter den Drogen, heißt es in dem Bericht. Zu der Droge griffen demnach in den vergangenen zwölf Monaten 4,5 Millionen Europäer, eine Million mehr als im Vorjahr. Das entspräche knapp einem Prozent der Bevölkerung. Insbesondere in Dänemark und Italien habe der Gebrauch deutlich zugenommen, heißt es weiter. Dieser Anstieg ist laut Götz zum einen darauf zurückzuführen, dass mangelhafte Daten bislang zu einer zu niedrigen Schätzung geführt hätten. Kokain werde aber inzwischen nicht nur von der Schickeria, sondern in breiten Teilen der Bevölkerung genommen. Das größte Problem bleibe jedoch der Mischkonsum. Oft werde Kokain zusätzlich zu Alkohol oder Heroin eingenommen. Auch beim Ausprobieren von Drogen ist Alkohol laut Götz fast immer dabei: ""Wenn Alkohol heute erfunden würde, würde er mit Sicherheit verboten."" Am weitesten verbreitet ist in der EU aber nach wie vor Cannabis. Dem Bericht zufolge konsumieren rund drei Millionen Europäer das Rauschmittel ""möglicherweise täglich oder fast täglich"". Fast ein Viertel der Erwachsenen habe mindestens einmal Cannabis probiert. Bei jüngeren Menschen unter anderem in Deutschland stellte die Drogenstelle aber Anzeichen dafür fest, dass die Beliebtheit sinkt. In Spanien, Tschechien, Frankreich, Italien und Großbritannien ist Cannabis dagegen immer noch Haupt-Modedroge: In Spanien konsumierten im vergangenen Jahr ein Fünftel der 15- bis 34-Jährigen Haschisch oder Marihuana. Die Zahl der Drogentoten bleibt nach Einschätzung der Autoren auf unverändert hohem Niveau. Die Beobachtungsstelle schätzt ihre Zahl auf 7000 bis 8000 jährlich. In Deutschland war die Zahl der Suchttoten zuletzt rückläufig: Im Zeitraum 2000 bis 2005 sank sie von 2030 auf zuletzt 1329 jährlich. ""Wir sind sehr weit von irgendeiner Lösung des Drogenproblems entfernt"", betonte Götz. Er sei aber ""vorsichtig optimistisch"", weil die Nutzerzahlen bei Heroin und Cannabis erstmals nicht weiter gestiegen seien und zum Teil zurückgingen. Der jahrelange Trend eines permanenten Anstiegs des Cannabis-Konsums scheine gebrochen. Sorgen bereiten ihm aber die drei Millionen Europäer, die fast täglich einen Joint rauchen. ""Da haben wir ein Suchtpotenzial, das vor 10, 20 Jahren noch gar nicht bekannt war"", sagte Götz. "
19.11.2007 12:59 Uhr,Nach Thacis Wahlsieg,EU fordert moderate Töne vom Kosovo,"Die Wahl im Kosovo bringt die internationalen Verhandlungen über die Zukunft der serbischen Provinz zusätzlich unter Druck. Es gilt als wahrscheinlich, dass der Wahlsieger, der ehemalige UCK-Kommandeur Hashim Thaci, noch im Dezember die Unabhängigkeit des Kosovos ausrufen wird. Michael Becker, MDR-Hörfunkstudio Brüssel Der schwedische Außenminister Carl Bildt wurde am deutlichsten und dürfte seinen EU-Kollegen aus der Seele sprechen: ""Ich habe gehört, dass Herr Thaci, der wohl Regierungschef im Kosovo werden wird, einige großartige Erklärungen abgegeben hat. Aber er muss verstehen, dass es einen Unterschied zwischen einem Oppositionspolitiker und einem verantwortungsbewussten Regierungschef gibt."" EU, USA und Russland sitzen mit Serben und Kosovaren am Verhandlungstisch und versuchen, eine einvernehmliche Lösung zu finden. Serbien weigert sich strikt, das Kosovo in die Unabhängigkeit zu entlassen, für die Kosovo-Albaner dagegen kommt nichts anderes in Frage. Die Verhandlungen stecken seit Monaten tief in der Sackgasse. Nicht zuletzt auch deshalb, weil sich die Vermittler auch nicht einig sind. Russland unterstützt Serbien - im Kreml will man von einem unabhängigen Kosovo nichts wissen. Die EU und die USA dagegen haben sich für ein unabhängiges Kosovo ausgesprochen. In Brüssel hält man allerdings überhaupt nichts davon, dass die Kosovo-Albaner in Pristina einfach einseitig ihre Unabhängigkeit erklären könnten. ""Das Kosovo ist de facto schon unabhängig von Serbien - ich denke nicht, dass das Kosovo auch unabhängig von der internationalen Gemeinschaft werden will. Sie wollen beschützt werden von der Nato und unterstützt von der EU"", warnte der schwedische Außenminister Bildt in Brüssel. Tatsache ist aber auch, dass es auch innerhalb der EU sehr unterschiedliche Ansichten gibt, was man denn tun soll, wenn das Kosovo tatsächlich einseitig seine Unabhängigkeit erklärt. In Europa ist bekannt, dass die Amerikaner diese Unabhängigkeit dann wahrscheinlich abnicken würden - auch gegen den Willen der Russen. Die EU hat in diesem Punkt noch keine gemeinsame Linie gefunden. Die Nato richtet sich schon seit einigen Monaten darauf ein, dass wieder Unruhen im Kosovo ausbrechen könnten. Ein neuer Flächenbrand wäre aus Sicht der Europäer das schlimmste, was auf dem Balkan passieren könnte. "
19.11.2007 12:19 Uhr,Expertengruppe für Bürokratie-Abbau gegründet,"Stoiber nimmt ""Sisyphus""-Arbeit auf","Sieben Wochen nach seinem Ausscheiden als bayerischer Ministerpräsident hat Edmund Stoiber seinen neuen Posten als Berater für Bürokratieabbau in Brüssel angetreten. Der CSU-Politiker steht in den kommenden drei Jahren einer 15-köpfigen Expertengruppe vor, die den Kampf der EU-Kommission gegen überflüssige Regelungen und Formulare unterstützen soll. ""Das ist ein Bohren an dicken Brettern und erinnert häufig an Sisyphus"", sagte Stoiber bei der gemeinsamen Vorstellung seiner Aufgabe mit Kommissionspräsident Jose Manuel Barroso und Industriekommissar Günter Verheugen. Stoiber kündigte ""mutige Vorschläge"" zum Bürokratieabbau an, nachdem er sich mit seiner Expertengruppe genau über die Probleme informiert habe. Das Gremium soll helfen, das EU-Ziel zu erreichen, bis 2012 überflüssige EU-Vorschriften zu streichen und so die Bürokratiekosten für Unternehmen um 25 Prozent zu senken. Nach Kommissionsberechnungen soll dies 150 Milliarden Euro zusätzlich an Wirtschaftsleistung bringen. ""Er ist der richtige für den Job"", sagte Industriekommissar Verheugen, der in der EU-Kommission für Bürokratieabbau zuständig ist, über Stoiber. Dessen Einsatz ist ehrenamtlich; lediglich eine Aufwandsentschädigung soll er erhalten. Mit Stoiber zählt die Arbeitsgruppe mindestens drei Deutsche. Neben Unternehmensberater Roland Berger soll auch Ex-Bahnchef Johannes Ludewig dem Gremium angehören, wie Stoiber ankündigte. Ludewig sitzt dem Normenkontrollrat vor, der im Auftrag von Bundeskanzlerin Angela Merkel die Bürokratiekosten in Deutschland senken soll. Dazu sollen hochrangige Berater aus anderen EU-Staaten kommen. Nach der Ernennung aller 15 Mitglieder will Stoiber spätestens Anfang 2008 die Arbeit aufnehmen. Pro Monat sind in Brüssel ein bis zwei Sitzungen geplant. "
19.11.2007 05:33 Uhr,Expertengruppe für Bürokratie-Abbau wird gegründet,Kein roter Teppich für Stoiber bei der EU,"Von Christopher Plass, HR-Hörfunkstudio Brüssel In Bayern war Edmund Stoiber ein ungekrönter König. In Brüssel wird sich der ehemalige Ministerpräsident mit einer Nebenrolle begnügen müssen. Wenn Edmund Stoiber am Vormittag mit EU-Kommissionschef José Manuel Barroso zusammentrifft, werden beide gleichermaßen die Bedeutung jenes Expertenteams unterstreichen, das Stoiber führen soll. Bürokratie-Abbau ist ein Ziel, das den europäischen wie auch nationalen Politikern leicht über die Lippen kommt. Aber Edmund Stoiber musste schon im Vorfeld erkennen, dass ihm in Brüssel niemand den roten Teppich ausrollen wird. Die EU-Kommission wird von ihrer Kompetenz nichts abgeben. Schließlich hat sich auch der zuständige Industriekommissar Günther Verheugen den Bürokratie-Abbau auf seine Fahnen geschrieben. Damit durch Stoibers Berufung nicht gleich neue Bürokratie geschaffen wird, hält Brüssel ihn eher klein. Stoiber bekommt – abgesehen von Schreibtisch und Sekretariat – keinen eigenen Apparat. Da in der EU-Kommission bereits viele Experten mit dem Thema Entbürokratisierung beschäftigt seien, könnten diese ihm speziell zuarbeiten, heißt es in Brüssel. Die Zusammensetzung der 15-köpfigen Arbeitsgruppe wird am Vormittag im Wesentlichen bekannt gegeben: Aus Deutschland gelten der Unternehmensberater Roland Berger und Ex-Bahn-Chef Johannes Ludewig als gesetzt. Bürokratieabbau ist aber eine Herkules-Aufgabe. Viele Richtlinien und Verordnungen sind durch politische Beschlüsse zustande gekommen. Es stellt sich also die Frage, ob und wie sie rückgängig gemacht werden können. Günther Verheugen arbeitet seit 2004 daran, den Regelungs-Dschungel zu durchforsten. Bislang ist der Erfolg eher mäßig. Brüssel hat sich immerhin vorgenommen, bei künftigen Projekten kritischer zu hinterfragen, ob eine europäische Regelung überhaupt nötig ist. Skeptiker weisen zudem darauf hin, dass ein Großteil der Bürokratie gar nicht aus Brüssel kommt, sondern aus den Parlamenten und Amtsstuben der Mitgliedsländer. "
14.11.2007 16:12 Uhr,Fluglinien wegen Online-Tickets in der Kritik,Der Super-Spartarif als Mogelpackung,"Irreführende Angaben zu Preisen, nicht verfügbare Flüge, ungewollte Versicherungen: Die Liste der Vorwürfe der EU-Kommission gegen die Fluglinien beim Online-Verkauf ihrer Tickets ist lang. Auf 226 von 447 Websites werden nach Angaben der Behörde Verbraucherschutzvorschriften missachtet. Von Irmtraud Richardson, SWR-Hörfunkkorrespondentin Brüssel Das sei bewusste Irreführung, meint die EU-Kommission. Und dieser Missstand sei weit verbreitet. Im September hat die Brüsseler Behörde gemeinsam mit den zuständigen Stellen in 15 Mitgliedsländern der EU insgesamt 447 Webseiten von Fluglinien überprüft. Und musste feststellen, dass rund die Hälfte aller Angebote irreführend sind. Ehe sich der Kunde versieht, werden aus den zehn Euro schnell mal einhundert. Der Super-Spartarif als Mogelpackung. Fazit: Die Ergebnisse sind äußerst enttäuschend. Und deshalb schreitet die Brüsseler Behörde jetzt zur Tat. Sie will erreichen, dass - im Interesse des Verbrauchers in der Europäischen Union - Transparenz auf den Webseiten der Fluggesellschaften einkehrt. Damit der Kunde sofort auf einen Blick erkennen kann, wie hoch der Preis ist und welche Leistungen darin enthalten sind. Dass er zum Beispiel nicht , ohne es zu merken, eine Zusatzversicherung mit kauft, weil eben das entsprechende Feld auf der Internetseite schon markiert ist. Die Europäische Kommission hat den Fluggesellschaften heute ein Ultimatum gesetzt. Die schwarzen Schafe unter ihnen werden schriftlich aufgefordert, sich bis März nächsten Jahres zu bessern, ihre Geschäftspraktiken zu ändern und die Online-Ticketangebote ehrlich zu formulieren. Meglena Kuneva vor der internationalen Presse in Brüssel: ""Ich sende heute eine klare Warnung an die Unternehmen. Tut endlich was."" Wenn nicht, dann drohen Sanktionen - Geldstrafen zum Beispiel. Auf jeden Fall werden dann die Fluggesellschaften, die der Aufforderung aus Brüssel nicht nachkommen, öffentlich an den Pranger gestellt und beim Namen genannt. Damit der Kunde dann weiß, wo er besser sein Ticket nicht kauft. Heute wollte EU-Kommissarin Kuneva noch nicht konkret die Fluggesellschaften nennen, die besonders übel durch irreführende Lockangebote aufgefallen sind. Allen wird noch eine Gnadenfrist wird gewährt. Aber eben nur bis März nächsten Jahres. "
14.11.2007 15:59 Uhr,Rechtsextreme Fraktion im EU-Parlament am Ende,Wenn Nationalisten am Fremdenhass scheitern,"Erstmals seit 13 Jahren hatten die rechtsextremen Parteien im EU-Parlament wieder mehr als 20 Abgeordnete gestellt – und so eine eigene Fraktion gebildet. Ihre ""Identität, Tradition und Souveränität"" genannte Truppe ist allerdings schon wenige Monate nach der Gründung wieder am Ende - gescheitert am eigenen Fremdenhass. Von Patrick Gensing, tagesschau.de Damit schrumpft die Fraktion der Rechtsextremisten von 23 auf 18 Abgeordnete zusammen. 20 Mitglieder sind aber die Mindestzahl für den Fraktionsstatus. Somit würden die Rechtsextremen im EU-Parlament nun wichtige Privilegien verlieren, falls sie keine Nachrücker mehr finden. Beispielsweise erhalten die Abgeordneten dann weniger Geld für ihre Mitarbeiter und werden von den wichtigen Sitzungen der Fraktionspräsidenten ausgeschlossen. Außerdem gibt es weniger Redezeit im Parlament. Hintergrund des Austritts der rumänischen Abgeordneten ist paradoxerweise das Thema, welches die rechtsextreme Fraktion eigentlich nur zusammenbrachte: der Fremdenhass. Die Abgeordneten der Großrumänien-Partei begründen ihren Schritt nämlich mit den Äußerungen ihrer bisherigen Fraktionskollegin Alessandra Mussolini aus Italien. Die Enkelin des ehemaligen Diktators Benito Mussolini habe nach dem Mord an einer Italienerin, für den ein Rumäne verantwortlich gemacht wird, das “rumänische Volk beleidigt"" und eine ""fremdenfeindliche Haltung"" eingenommen, hieß es. Mussolini sagte in einem Interview, die in Italien lebenden Roma hätten ""Gesetzesbruch zu ihrer Lebensart gemacht"". Außerdem soll Mussolini den rumänischen Botschafter in Rom aufgefordert haben, Italien zu verlassen. So lernen die Rechtsextremisten nun am eigenen Leib, dass der Spruch ""Alle Menschen sind Ausländer – fast überall"" zwar ziemlich abgedroschen ist - aber eben doch der Wahrheit entspricht. "
14.11.2007 13:22 Uhr,Fluglinien wegen Online-Tickets in der Kritik,226 Verstöße gegen den Verbraucherschutz,"Die EU wirft jeder zweiten Fluggesellschaft in Europa vor, die Kunden beim Ticketverkauf im Internet in die Irre zu führen. Auf 226 der 447 überprüften Websites seien Verstöße gegen Verbraucherschutzvorschriften festgestellt worden, teilte die EU-Kommission mit. Verbraucherschutzkommissarin Meglena Kuneva gab den Website-Betreibern vier Monate Zeit, ihre Verkaufspraktiken zu ändern. Andernfalls will sie die Namen der betroffenen Unternehmen veröffentlichen. Die EU-Kommission warf den Fluggesellschaften außerdem vor, Verbrauchern Reiseversicherungen und andere Zusatzleistungen aufzudrängen. Grundsätzlich können Verbraucher durch Ankreuzen von Kästchen auf den Websites entscheiden, ob sie diese Angebote wahrnehmen wollen. Die Untersuchung habe jedoch ergeben, dass die Kreuze oft schon automatisch gesetzt seien und von den Ticket-Käufern extra entfernt werden müssten. Zudem würden die Kunden über die Bedingungen für eine Stornierung oder Verschiebung ihres Flugs oft nicht informiert. Nach Informationen der Nachrichtenagentur Reuters ist unter den kritisierten Fluggesellschaften unter anderem Europas größter Billigflieger Ryanair. Ryanair erklärte, bislang noch nicht von der EU-Kommission angesprochen worden zu sein. Die Billigfluglinie forderte die EU aber dazu auf, ihre Untersuchung auf die ""unfairen"" Benzinpreiszuschläge von Konkurrenten wie der Lufthansa, British Airways und Air France KLM auszuweiten. Diese Fluggesellschaften hätten allesamt bestätigt, dass sie sich rechtzeitig gegen einen Ölpreisanstieg abgesichert hätten und deshalb oft deutlich weniger als die derzeitigen Preise für Kerosin bezahlten. "
13.11.2007 17:29 Uhr,Privatisierungsmodelle für die Bahn,Mit der Teilung zur Einheit?,
13.11.2007 15:59 Uhr,Telekom-Markt,EU-Kommission plant umstrittene Aufsichtsbehörde,"Die EU-Kommission will den Wettbewerb in der Telekom-Branche mit neuen Auflagen beleben. So sollen die nationalen Aufsichtsbehörden Firmen künftig dazu zwingen können, ihre Netze von den damit angebotenen Diensten zu trennen. Die Kommission erhofft sich davon einen leichteren Marktzugang für neue Anbieter. Zugleich soll eine neue EU-Aufsichtsbehörde die Auflagen für die Telekom-Konzerne koordinieren. Die Kommission einigte sich damit auf ein entsprechendes Vorschlagspaket von EU-Medienkommissarin Reding. Von Michael Becker, MDR-Hörfunkkorrespondent Brüssel In der Telekom-Branche hat sich längst herumgesprochen, dass mit der EU-Kommissarin aus Luxemburg nicht gut Kirschen essen ist. Dementsprechend groß sind die Befürchtungen, dass sie ein weiteres Projekt ebenso unerbittlich durchsetzen wird - ein echtes Megaprojekt. Sie will den Telekom-Markt in den EU-Ländern unter Brüsseler Aufsicht stellen. Die Pläne erinnern sehr an das, was zur Zeit für den Energiemarkt diskutiert wird. Um mehr Wettbewerb zu erreichen – und damit günstigere Preise für die Verbraucher – sollen die Netze organisatorisch von den angebotenen Dienstleistungen getrennt werden. Die EU-Kommissarin will den Telekom-Konzernen in Europa die Hoheit über ihre Netze wegnehmen. Bisher stehen die Telekom-Märkte unter Aufsicht von nationalen Regulierungsbehörden. Sie entscheiden, unter welchen Bedingungen Konkurrenten der alteingesessenen Telekom-Konzerne – in unserem Fall der Deutschen Telekom – Zugang zu den Telekommunikationsnetzen bekommen. Der Medienkommissarin in Brüssel passt das gar nicht. Sie will eine europäische Aufsichtsbehörde installieren, die den gesamten Telekom-Markt in Europa reguliert. Kosten: 22 Millionen Euro im Jahr, unter anderem für die geplanten 110 Mitarbeiter. Der Widerstand hat sich allerdings längst organisiert: Wer den Telekomkonzernen die Netze wegnimmt, der werde erleben, dass niemand mehr in die Modernisierung dieser Netze investiert, argumentieren die Kritiker. Auch die nationalen Regulierungsbehörden haben sich zu Wort gemeldet: Man brauche keine Superbehörde in Brüssel – schließlich habe die Senkung der Handy-Auslandsgebühren innerhalb der EU ja gerade erst gezeigt, dass es auch ohne eine solche Behörde funktioniere. Kritik kommt auch von der Bundesregierung: In Deutschland und einigen anderen EU-Ländern will man von den Plänen nichts wissen, und die Zustimmung der EU-Länder braucht Medienkommissarin Reding. Insofern steht noch in den Sternen, ob sie sich auch dieses Mal durchsetzen wird. "
12.11.2007 15:22 Uhr,Bericht des Sonderermittlers Marty,Europarat rügt Willkür bei Terrorlisten von Uno und EU,"Die Verdächtigen hätten nicht die Möglichkeit bekommen, sich zu den Anschuldigungen gegen sie zu äußern oder ihre Namen gegebenenfalls wieder reinzuwaschen, so Marty weiter. Das widerspreche internationalen und europäischen Abkommen, die von den beteiligten Ländern ratifiziert worden seien. Der Eintrag lediglich aufgrund ""vager Verdachtsmomente"" bedeute ""eine Art von Todesurteil"" für Privatpersonen, deren Konten gesperrt würden und die nicht mehr ins Ausland reisen dürften, bekräftigte der 62-jährige Schweizer Abgeordnete und frühere Tessiner Staatsanwalt bei der Vorstellung des Berichts in Paris. Marty appellierte an EU und Uno, bei der Verhängung von Sanktionen minimale juristische Standards einzuhalten. Er schlägt in seinem Bericht vor, die betroffenen Bürger nicht nur über ihre Auflistung, sondern auch über die ihnen vorgeworfenen Tatbestände zu informieren, damit sie sich um eine angemessene Verteidigung bemühen können. Auch sollte ihnen im Fall von Rechtsverletzungen ermöglicht werden, Schadenersatz einzufordern. Es müsse ein festgelegtes Verfahren geben, um seinen Namen von einer solchen Liste streichen zu lassen, forderte Marty. ""Denn, und das ist offen gesagt die Krönung, ein solches Verfahren existiert nicht."" Gegenwärtig sei es ""praktisch unmöglich, seinen Namen von einer schwarzen Liste streichen zu lassen"", eine Lage, die ""illegal und nicht hinnehmbar"" sei. Martys Ermittlungen, die er vor etwa einem Jahr in Angriff genommen hatte, haben bereits erste Erfolge gezeigt. Personen werden nach Angaben des Europarates jetzt schriftlich informiert, bevor sie auf die Liste gesetzt werden - und Länder können einen Antrag stellen, um eine Einzelperson von der Liste wieder herunterzunehmen. Marty zufolge stehen auf der Schwarzen Liste der Uno weltweit etwa 370 Personen, die EU führe etwa 60 Menschen auf ihrer Liste. Der Sonderermittler hatte zuvor bereits Untersuchungen über CIA-Geheimflüge und Geheimgefängnisse in Europa geleitet. Der Europäische Gerichtshof (EuGH) hat schon mehrfach die EU-Praxis der ""Schwarzen Liste"" kritisiert. Mitte Dezember 2006 verfügten die Luxemburger Richter in erster Instanz, dass die Organisation ""Iranische Volksmudschahedin"" von der Liste gestrichen werden müssten. Zur Begründung führten sie an, dass die ""Volksmudschahedin"" nicht über den Schritt der EU informiert und nie angehört worden sei. Es war der erste Fall, dass eine Organisation ihre Streichung von der Liste gerichtlich durchsetzen konnte. Im Juli dieses Jahres wehrten sich dann erfolgreich die in den Niederlanden ansässige Stiftung Al Aksa und der philippinische Kommunistenführer Jose Maria Sison gegen die Aufführung ihrer Namen. Alle drei Kläger sind noch auf der aktuellsten Terrorliste der EU zu finden. "
11.11.2007 12:02 Uhr,"Bericht zu Unschuldigen auf ""Terrorlisten""","Marty wettert gegen die ""zivile Todesstrafe""","Der Europaratsermittler Dick Marty hat heftige Kritik an der Behördenpraxis im Zusammenhang mit den Schwarzen Listen der Vereinten Nationen und der Europäischen Union über Terrorverdächtige geübt. Seinen Erkenntnissen zufolge stehen auf den ""Terrorlisten"" nämlich auch unbescholtene Bürger. Auslöser der Untersuchung ist der Fall des 76-jährigen Italieners ägyptischer Herkunft Youssef Nada, dessen Geschäft durch den Eintrag in die Schwarze Liste ruiniert worden ist. Nach dem Verdacht der CIA soll Nada zu den Finanzgebern der Anschläge vom 11. September 2001 gehören; doch vierjährige Ermittlungen der Schweizer Justiz, die der Betroffene selbst gefordert hatte, haben keine Verdachtsmomente ergeben. Der Fall Nada ""ist nur ein Beispiel von vielen"", sagte der Europaratsermittler. Das Verfahren im Sanktionsausschuss des UN-Sicherheitsrats und im EU-Ministerrat, das die Grundlage für die Listen bildet, ist nach Ansicht Martys ein ""rechtsstaatlicher Skandal unter dem Deckmantel der Terrorbekämpfung"". Es schaffe gravierendes Unrecht für viele Einzelpersonen, gegen die kein Beweis einer strafrechtlicher Handlung vorliegt. Wie viele Unschuldige in die Liste mit mehreren tausend Einzelpersonen geraten sind, ist nicht klar, Marty vermutet jedoch eine Reihe von Einzelfällen. Die Regierungsvertreter bei Uno und EU, die auf Wunsch der USA die Verdächtigen in die Schwarze Liste eintragen, wissen nach Angaben Martys meistens auch nicht, welche Verdachtsmomente gegen diese Personen vorliegen. Auch habe es bisher keine Möglichkeit gegeben, von der Liste wieder herunterzukommen. Marty wendet sich nicht gegen die Listen an sich, die die Terrororganisation Al Kaida und die verbotene kurdische Arbeiterpartei PKK enthalten, doch das willkürliche Verfahren der Auflistung ""macht den internationalen Kampf gegen den Terrorismus unglaubwürdig"". Und die EU, die sich der Grundrechtscharta verschrieben habe, schade mit derart ""indiskutablen Prozeduren"" ihrem Image. Martys Ermittlungen, die er vor etwa einem Jahr in Angriff genommen hatte, haben bereits erste Erfolge gezeigt. Personen werden nach Angaben des Europarates jetzt schriftlich informiert, bevor sie auf die Liste gesetzt werden - und Länder können einen Antrag stellen, um eine Einzelperson von der Liste wieder herunterzunehmen. "
10.11.2007 17:33 Uhr,Termin wahrscheinlich erste Jahreshälfte 2008,Iren stimmen über neuen EU-Vertrag ab,"Zuerst müssen die Regierungschefs der 27 EU-Staaten jedoch noch am 13. Dezember den im Oktober beschlossenen Reformvertrag unterzeichnen. Dieser tritt an die Stelle des Verfassungsentwurfs, dessen Ratifizierung 2005 nach gescheiterten Volksabstimmungen in Frankreich und den Niederlanden gescheitert war. Der Ruf nach einem Referendum ist vor allem in Großbritannien laut. Die britische Regierung lehnt dies jedoch ab. "
08.11.2007 17:00 Uhr,Interview mit Seyran Ates zum Nationalen Integrationsplan,"""Die Politik erwacht langsam aus dem Dornröschenschlaf""",
08.11.2007 15:51 Uhr,EU-Innenminister einig,Grenzkontrollen zu neuen EU-Staaten fallen,"Innenminister Wolfgang Schäuble begrüßte die Entscheidung seiner Kollegen: Die Erweiterung sei ein ""Glück für Deutschland und keine Bedrohung"", sagte er. Die Öffnung habe eine ""symbolische Wirkung für die neuen EU-Staaten, die nicht mehr hinter dem eisernen Vorhang leben"", so der Minister. In der Nacht zum 21. Dezember sollen zunächst die Kontrollen für Pkw- und Zugreisende sowie in Häfen oder auf Schiffen fallen. An den Flughäfen soll dies erst im Frühjahr 2008 geschehen. Zum Schengen-Raum ohne Grenzkontrollen gehören derzeit die 15 alten EU-Länder ohne Großbritannien und Irland. Dazu kommen Norwegen und Island. "
07.11.2007 16:23 Uhr,Einigung auf Text für Assoziierungsabkommen,Erster symbolischer Schritt zu Serbiens EU-Beitritt,Als Grund für die überraschende Annäherung hatte Rehn Fortschritte Serbiens bei der Suche nach dem ehemaligen bosnischen Serben-General und mutmaßlichen Kriegsverbrecher Ratko Mladic genannt. Wegen der mangelnden Zusammenarbeit mit Den Haag hatten die Gespräche über eine Annäherung zwischen Serbien und der EU bis zum Regierungswechsel in Belgrad im Sommer für 13 Monate auf Eis gelegen. Das Assoziierungsabkommen gilt als erster Schritt zu einem EU-Beitritt. 
07.11.2007 14:04 Uhr,Interview mit Energie-Expertin Claudia Kemfert,"""Strompreis könnte niedriger sein""",
07.11.2007 13:38 Uhr,Neuer Gewerkschaftschef hält Grundsatzrede,"""Huber macht die IG Metall wieder politikfähig""",
06.11.2007 18:08 Uhr,EU-Kommissar Frattini will 19 Fluggastdaten speichern,"""Terrorbekämpfung"" oder ""Datensammelwut""?","Das Sammeln und Auswerten von Fluggastdaten sei ein ""wichtiges Instrument, um die Reisen von Terroristen zu überwachen und geplante Anschläge zu verhindern"", erklärte Frattini. Zu den 19 Daten zählen die persönliche Anschrift und die E-Mail-Adresse des Reisenden sowie die Zahl der Gepäckstücke. Informationen, die Rückschlüsse etwa auf die Religionszugehörigkeit oder die ethnische Herkunft zulassen, werden dem Entwurf zufolge nicht erhoben. Um den europäischen Bürgern die Ängste zu nehmen, dass ihre Daten missbraucht werden, solle noch in diesem Jahr der lange umstrittene europäische Rahmenbeschluss zum Datenschutz verabschiedet werden, versprach Frattini: ""Wir wollen mit diesen Vorschlägen nicht das Schutzniveau für persönliche Daten senken. Aber wir wollen den Behörden ein neues Instrument an die Hand geben – und nicht das einzige Instrument, um zu ermitteln und um Terrorismus und schwere internationale Verbrechen verhindern und bekämpfen zu können."" Für das Sammeln der Fluggastdaten hatte sich auch Bundesinnenminister Wolfgang Schäuble stark gemacht. Der Bundesdatenschutzbeauftragte Peter Schaar kritisierte, mit den Kommissionsplänen werde praktisch jeder Flugreisende zum Verdächtigen erklärt. Auch die Oppositionsparteien im Bundestag kritisierten die Pläne der EU. Der Parlamentarische Geschäftsführer der FDP-Bundestagsfraktion, Ernst Burgbacher, warnte vor einem weiteren Schritt zu einer flächendeckenden Überwachung. ""Offensichtlich hat die Datensammelwut nun auch in Europa um sich gegriffen."" Die innenpolitische Sprecherin der Grünen, Silke Stokar, kritisierte, dass schon ganz normales Alltagsverhalten dazu führen soll, dass Risikoanalysen über Bürger erstellt und über Jahre gespeichert werden. ""Wir sehen die große Gefahr, dass in wenigen Jahren die Datenbanken der Sicherheitsbehörden über die Reisefreiheit des Einzelnen entscheiden"", sagte Stokar. Die Fraktionsvize der Linken, Petra Pau, kritisierte ebenfalls scharf die geplante Erfassung: ""Der Datenschutz wird Stück für Stück abgeschafft."" "
06.11.2007 17:46 Uhr,Fluggast-Daten gegen den Terror,Was bedeuten die Brüsseler Pläne für Reisende?,
06.11.2007 14:37 Uhr,EU legt Bericht über Beitrittswillige vor,Brüssel dämpft Hoffnungen von Türken und Kroaten,"Die EU hat Hoffnungen der Türkei und Kroatiens auf einen schnellen Beitritt gedämpft. Eine neue Verhandlungsrunde könne erst ""mittel- oder langfristig"" erfolgen, heißt es in dem neuen Fortschrittsbericht der EU-Kommission, der in Brüssel vorgestellt wurde. Insgesamt kommt die Brüsseler Behörde zu dem Schluss, dass das Reformtempo in der Region viel zu langsam ist. Mazedonien, Serbien, Montenegro, Albanien, Bosnien und die von Serbien abtrünnige Provinz Kosovo suchen den politischen und wirtschaftlichen Anschluss an die EU. Die EU-Kommission forderte besonders die Türkei zu einem erhöhten Reformtempo auf: ""Jetzt ist die Zeit für die Türkei gekommen, dem Reformprozess neues Leben einzuhauchen"", sagte EU-Erweiterungskommissar Olli Rehn bei der Vorstellung des Berichts. Zudem mahnte Rehn bei der Türkei eine größere Religions- und Meinungsfreiheit an. Diese Grundrechte müssten in allen Teilen des Landes gewährleistet werden, hieß es im Bericht über die Entwicklung des größten und zugleich umstrittensten EU-Beitrittskandidaten. Die Kommission verwies dabei vor allem auf die Rechte der Kurden, die an der südöstlichen Grenze zum Irak leben und im Konflikt um Angriffe der kurdischen Untergrundorganisation PKK zwischen die Fronten zu geraten drohen. Die Türkei bereitet derzeit einen Einmarsch in die nordirakischen Rückzugsgebiete der Extremisten vor. Der Bericht fordert aber auch eine Besserstellung von Frauen, Kindern und Gewerkschaften sowie eine zivile Kontrolle des Militärs. Erweiterungskommissar Rehn lobte die Türkei dafür, die jüngste politische Krise um die Wahl des religiös-konservativen Präsidenten Abdullah Gül auf höchst demokratische Weise gemeistert zu haben. Die Demokratie habe über die Einmischung des Militärs gesiegt, erklärte er. Nun müsse der Schwung dafür genutzt werden, die seit 2005 erlahmten Reformen voranzutreiben. Im Gegenzug stellte er für das kommende Jahr Fortschritte bei den Beitrittsverhandlungen in Aussicht. EU will Stabilisierungsabkommen mit Serbien einleiten Angesichts der Bemühungen Serbiens um die Ergreifung des mutmaßlichen Kriegsverbrechers Ratko Mladic will die EU-Kommission am Mittwoch den Abschluss eines Assoziierungsabkommen mit Belgrad einleiten. ""Ich habe entschieden, das Stabilisierungs- und Assoziierungsabkommen mit Serbien morgen einzuleiten"", sagte Rehn weiter. Die Entscheidung sei nach Gesprächen mit der UN-Chefanklägerin Carla del Ponte gefallen. Die Gespräche über ein Assoziierungsabkommen zwischen Serbien und der EU lagen bis zum Sommer für 13 Monate auf Eis, da sich die vorherige serbische Regierung aus Sicht der EU nicht ausreichend für die Festnahme gesuchter Kriegsverbrecher einsetzte. Ein solches Abkommen wird als ein erster Schritt für einen möglichen EU-Beitritt Serbiens gesehen. "
06.11.2007 12:52 Uhr,EU legt Bericht über Beitrittswillige vor,Brüssel fordert von Türkei höheres Reformtempo,"Die EU hat Hoffnungen der Türkei und Kroatiens auf einen schnellen Beitritt gedämpft. Eine neue Verhandlungsrunde könne erst ""mittel- oder langfristig"" erfolgen, heißt es in dem neuen Fortschrittsbericht der EU-Kommission, der heute vorgestellt wurde. Die Kommission kritisiert darin die immer noch weit verbreitete Korruption und das organisierte Verbrechen in Balkanländern wie Kroatien, Montenegro und Serbien. Aber auch die Türkei hat noch zu viele eigene Probleme, um sich Europa zuwenden zu können. Peter Heilbrunner, SWR-Hörfunkstudio Brüssel EU-Erweiterungskommissar Olli Rehn wird den Staaten des Westlichen Balkans und dem Land am Bosporus folglich keine allzu guten Zeugnisse für das abgelaufene Jahr ausstellen. Vor einigen Wochen schon forderte er Ankara auf, das Modernisierungstempo wieder zu erhöhen. ""Wir müssen wieder echte Fortschritte in so grundsätzlichen Fragen wie der Meinungsfreiheit oder dem Schutz religiöser Minderheiten erzielen"", so der Appell des Kommissars. Die Türken haben die in sie gesetzten Erwartungen nicht erfüllt, das ist offenkundig. Zu sehr waren die Verantwortlichen in Ankara mit der Lösung der Staatskrise beschäftigt, zu viel Energie hatte das Kräftemessen zwischen Armeeführung und der regierenden national-religiösen AKP gekostet, als es um die Wahl eines neuen Staatspräsidenten ging. Immerhin: Dass es am Ende keinen Militärputsch gab sondern ledigleich Neuwahlen, findet im Fortschrittbericht lobend Erwähnung. Der zu große Einfluß der Militärs wird dennoch weiter kritisiert ebenso wie die andauernde Blockade normaler Beziehungen zum EU-Mitglied Zypern. Der Streit um die geteilte Mittelmeerinsel ist noch immer nicht gelöst - zuletzt haben sich die Deutschen unter ihrem EU-Vorsitz um einen Kompromiß bemüht, vergeblich. Die Lösung der einen Krise dürfte nicht leichter geworden sein, seit der Konflikt mit der kurdischen PKK im Nordirak eskaliert ist. 35 Soldaten hat die türkische Armee bei Angriffen der PKK-Rebellen verloren - die Armeeführung in Ankara möchte darauf lieber heute als morgen mit einem Einmarsch im Irak antworten. Eine Option, die trotz diplomatischer Bemühungen nicht vom Tisch ist. Zwar zeigt die EU Verständnis für das türkische Bestreben, die fortdauernden Angriffe der Kurdenkämpfer zu stoppen – andererseits beharrt Rehn darauf, dass die Probleme im Einvernehmen gelöst werden müssen. Die Regierung in Bagdad muss gegen die Rebellen im Norden vorgehen, ein Einmarsch des türkischen Militärs wäre ein Verstoß gegen das Völkerrecht. Der Konflikt macht erneut eines deutlich: Die Türkei hat noch zu viele eigene Probleme, um sich Europa zuwenden zu können. "
02.11.2007 20:12 Uhr,Interview zum Chemnitzer Urteil,"""Die Entscheidung ist richtig""",
02.11.2007 16:06 Uhr,ARD-DeutschlandTrend November 2007,Raus aus dem Tal der Langeweile,"Für Kurt Beck und seine SPD hat sich die Hinwendung zu sozialen Themen gelohnt: Die Partei legt in der Sonntagsfrage drei Punkte zu. Beck selbst wird ebenfalls populärer - der Abstand zu Kanzlerin Merkel bleibt aber groß. Weiter zugelegt in der Beliebtheitsskala hat Becks Widersacher Franz Müntefering. Gute Nachrichten auch für die GDL: Eine Mehrheit unterstützt ihre Forderungen. Ob der neue Schwung der Sozialdemokraten nur ein Strohfeuer nach ihrem Parteitag ist, der viel Aufmerksamkeit gefunden hat, oder ob Beck mit der Neupositionierung wirklich eine neue Basis gelegt hat, lässt sich nicht vorhersagen. Aber immerhin profitiert die SPD diesmal nicht von den Schwächen anderer, sondern hat in den letzten Wochen systematisch Positionen besetzt, die in der Bevölkerung Beifall finden. Schon der ARD-DeutschlandTrend im Oktober hatte gezeigt, dass sich 85 Prozent der Deutschen eine Verlängerung des Arbeitslosengeldes I wünschten und die Beck-Idee damit weitaus mehr Unterstützung fand als etwa die Erhöhung der Hartz-IV-Sätze. ""Gewinner des Monats"" ist sein Widersacher Franz Müntefering, der jetzt bei 53 Prozent (+5) steht – ganz knapp hinter Finanzminister Steinbrück (54 Prozent). Aber auf Augenhöhe mit der Kanzlerin steht weiterhin nur Außenminister Steinmeier. Mit 67 Prozent Zustimmung liegt er nur noch knapp hinter Angela Merkel (72 Prozent). Beck ist also gegenwärtig sicher nicht der erfolgversprechendste Kanzlerkandidat, den seine Partei hat. Wenn man den Kanzler oder die Kanzlerin direkt wählen könnte, sprächen sich ""nur"" noch 59 Prozent (-8) für Angela Merkel und 25 Prozent (+6) für Kurt Beck aus. Die Kanzlerin gilt verglichen mit Beck als sympathischer (53 zu 26), glaubwürdiger (51 zu 19) und verlässlicher (49 zu 15). Aber schon beim Thema Bürgernähe sieht Beck gar nicht schlecht aus. 35 Prozent glauben die Kanzlerin sei besser mit den Problemen der Menschen vertraut, immerhin 34 Prozent nennen hier Beck, der ja immer für sich reklamiert, ""nah an den Menschen"" zu sein. Ihm wird ganz eindeutig die Kompetenz auf dem Feld der sozialen Gerechtigkeit zugebilligt, dafür liegt die Wirtschaftskompetenz bei der CDU-Kanzlerin – irgendwie ist alles fast wie früher. Und noch etwas könnte für die SPD wichtig werden: Anders als bei den meisten anderen Klima- und Umweltthemen überlässt die Kanzlerin bei Tempo 130 der SPD gern das Feld. Endlich mal eine Debatte, in der die Koalitionspartner verschiedene Positionen besetzen und damit auch für die Wähler wieder unterscheidbarer werden. Und aus SPD-Sicht endlich wieder ein Thema, mit dem sie ins grüne Lager winken kann, ohne dass Angela Merkel das vorher auch schon getan hätte. Die Kanzlerin übrigens schwebt nicht mehr ganz so hoch im Popularitätshimmel wie in den letzten Monaten. Was auch deshalb Beachtung verdient, weil der ARD-DeutschlandTrend diese Woche mit dem glanzvollen Merkel-Staatsbesuch in Indien zusammenfiel. In den letzten Monaten hatten ihr außenpolitische Auftritte immer spürbar geholfen. Diese Woche verliert sie fünf Punkte – 72 Prozent sind aber immer noch mit ihrer Arbeit zufrieden. Nur Frank-Walter Steinmeier spielt mit 67 Prozent noch in ihrer Klasse. Das gilt sowohl für die Bevölkerung insgesamt als auch für die Gruppe der regelmäßigen Bahnfahrer, die tatsächlich von den bisherigen Streiks betroffen waren. Bei ihnen ist das Verständnis für die Streikenden sogar noch ein bisschen ausgeprägter. Genauso eindeutig ist übrigens, was die Deutschen von den Arbeitsrichtern erwarten, die sich ja auch am Freitag wieder mit der Rechtmäßigkeit von Streiks beschäftigen. Fast zwei Drittel finden, dass es nicht Sache der Gerichte ist, darüber zu entscheiden, ob Arbeitnehmer streiken dürfen. "
