topline,headline,content
31.10.2017 23:59 Uhr,Archiv,EU-Nachrichten Oktober 2017
31.10.2017 17:05 Uhr,Brexit und der Arbeitsmarkt,"Mehr Zöllner, weniger Banker"
31.10.2017 15:14 Uhr,Margot Käßmann zum Reformationsjahr,"""Luther steht nicht auf einem Heldensockel"""
30.10.2017 18:24 Uhr,USA-Experte zu Russland-Affäre,"""Es zeigt, dass Mueller beißt"""
30.10.2017 16:02 Uhr,Ermittlungen zur Russland-Affäre,Manafort wird angeklagt und stellt sich
30.10.2017 15:52 Uhr,Katalonien-Konflikt,Anklage gegen Puigdemont und Minister
30.10.2017 04:09 Uhr,Beginn der Zwangsverwaltung,Leichter abgesetzt als umgesetzt
27.10.2017 21:48 Uhr,Reaktionen auf Katalonien-Konflikt,Keine Chance auf Anerkennung
27.10.2017 14:41 Uhr,"""PanamaPapers""-Enthüllungen",Nun spricht die Quelle
27.10.2017 11:20 Uhr,Konflikt um Katalonien,Wird Puigdemont entmachtet?
26.10.2017 20:40 Uhr,US-Repräsentantenhaus,Weg frei für Steuerreform
26.10.2017 19:19 Uhr,Wahlwiederholung in Kenia,Tote und Verletzte bei Ausschreitungen
26.10.2017 15:51 Uhr,Kurswechsel der Notenbank,EZB halbiert monatliche Anleihenkäufe
26.10.2017 11:32 Uhr,Sacharow-Preis,Auszeichnung für Venezuelas Opposition
26.10.2017 09:08 Uhr,Verunreinigte Eier,Deutschland blockiert Fipronil-Informationen
25.10.2017 15:28 Uhr,Neue Regeln für Drittstaaten,Brüssel will mehr Daten von EU-Reisenden
25.10.2017 14:19 Uhr,EU-Parlament zu sexueller Gewalt,Von #metoo zu #notme
25.10.2017 14:07 Uhr,Medienfreiheit in Russland und USA,"Wer ist ""ausländischer Agent""?"
25.10.2017 11:51 Uhr,Kolumne Euroschau,Abschied auf Raten von der EZB-Geldflut
25.10.2017 11:35 Uhr,EuGH-Urteil zu Asylverfahren,"Wer zu lange wartet, muss entscheiden"
25.10.2017 04:41 Uhr,Umstrittener Unkrautvernichter,EU-Ausschuss berät über Glyphosat
24.10.2017 18:39 Uhr,Konstituierende Sitzung,"""Man spürt die Präsenz der AfD"""
24.10.2017 17:16 Uhr,Wahl der Bundestagsvizepräsidenten,AfD-Kandidat Glaser fällt dreimal durch
24.10.2017 16:54 Uhr,Streit um Zulassung,EU-Kommission rudert bei Glyphosat zurück
24.10.2017 16:18 Uhr,Regeln für die Übergangszeit,Zwischen alter und neuer Regierung
24.10.2017 15:33 Uhr,"Projekt ""Neom""",Saudi-Arabien plant Milliarden-Stadt
24.10.2017 13:53 Uhr,Sexuelle Belästigung im EU-Parlament,"""Jeder Frau fallen ein, zwei Namen ein"""
24.10.2017 12:22 Uhr,Konstituierende Parlamentssitzung,"""Große Ehre, noch größere Verantwortung"""
24.10.2017 09:52 Uhr,Parteitag in China,Xi - der neue Mao
24.10.2017 06:48 Uhr,EU-Entsenderichtlinie,Ein Kompromiss gegen das Lohndumping
24.10.2017 04:35 Uhr,Hamburg und Berlin klagen,Volkszählung vor Verfassungsgericht
24.10.2017 00:53 Uhr,Kompromiss bei Entsenderichtlinie,EU will neue Regeln gegen Sozialdumping
23.10.2017 08:04 Uhr,UN-Konferenz für Rohingya,"""Krise beispiellosen Ausmaßes"""
22.10.2017 02:41 Uhr,Bielefelder Pilotprojekt,Vom Krieg ins Klassenzimmer
21.10.2017 12:47 Uhr,Ausstellung in London,Tief eintauchen ins Potter-Universum
21.10.2017 09:45 Uhr,Schmerzmittel-Sucht,Wie Heroin im Hirn
20.10.2017 16:56 Uhr,Kartellvorwürfe gegen Autobauer,Durchsuchungen bei BMW
20.10.2017 16:10 Uhr,Sondierungsgespräche,Streitpunkt Ehegattensplitting
20.10.2017 16:04 Uhr,May beim EU-Gipfel,"Kein Durchbruch, aber Bewegung"
20.10.2017 13:02 Uhr,EU-Gipfel,"Kein ""Weiter so"" in der EU"
20.10.2017 09:58 Uhr,Entscheidung in Brüssel,Weniger EU-Geld für die Türkei
20.10.2017 00:00 Uhr,DeutschlandTrend,Jamaika soll für gerechte Löhne sorgen
19.10.2017 21:55 Uhr,Anschlag in Malta,Mord an Galizia - ein Fall für die EU
19.10.2017 18:22 Uhr,EU-Gipfel,Merkel will Hilfen an Türkei kürzen
19.10.2017 14:34 Uhr,PanamaPapers-Ausschuss,Aufklärung im Schatten eines Mordes
19.10.2017 11:43 Uhr,EuGH bestätigt Sanktionen,Janukowitschs Vermögen bleibt eingefroren
19.10.2017 11:43 Uhr,"""YanukovychLeaks""",Der korrupte Ex-Präsident
19.10.2017 11:43 Uhr,Sanktionen gegen 18 Personen aus der Ukraine,EU friert Janukowitschs Konten ein
19.10.2017 10:18 Uhr,Katalonien-Krise,Ultimatum - und dann?
19.10.2017 09:11 Uhr,Maltas Ex-EU-Kommissar Dalli,Der Tabak und die Millionen
19.10.2017 03:23 Uhr,PanamaPapers-Ausschuss,Steuerbetrug mit Duldung von EU-Staaten
19.10.2017 02:15 Uhr,EU-Gipfel,"Viel vor, wenig Zeit"
18.10.2017 16:57 Uhr,Kurden im Nordirak,Von der Leyen verteidigt Waffenhilfe
18.10.2017 14:55 Uhr,EU-Aktionsplan,Mehr als 100 Millionen Euro gegen Terror
18.10.2017 12:14 Uhr,US-Milliardär,Soros steckt Milliarden in seine Stiftung
18.10.2017 11:37 Uhr,EU-Statistik,"Die Frau kocht, der Mann futtert"
18.10.2017 08:55 Uhr,Gerüchte über US-Milliardär,Wer ist George Soros?
17.10.2017 08:24 Uhr,EU für Schutz vor Terrorangriffen,"""Innovative und diskrete Barrieren"""
17.10.2017 04:01 Uhr,Spannungen im Nordirak,EU und USA rufen zu Deeskalation auf
17.10.2017 01:30 Uhr,Xi Jinping vor zweiter Amtszeit,Der Unantastbare
16.10.2017 15:37 Uhr,Waldbrände,Mindestens 35 Tote in Portugal und Spanien
16.10.2017 11:47 Uhr,FAQ,Der UNESCO-Austritt und die Folgen
16.10.2017 09:49 Uhr,Politologin zu Niedersachsen,"""Wahrscheinlichste Option ist die GroKo"""
15.10.2017 02:52 Uhr,Katalonien und die EU,Alles nicht so schlimm?
14.10.2017 03:37 Uhr,FAQ zur Wahl in Österreich,"Parteien, Personen, Koalitionsoptionen"
13.10.2017 15:59 Uhr,Manipulierte Kundenbewertungen,"Sterne für 14,95 Euro"
13.10.2017 14:26 Uhr,Fragen und Antworten,Trump und der Atomdeal mit dem Iran
13.10.2017 13:05 Uhr,Erste Sitzung des Bundestags,FDP muss neben die AfD
12.10.2017 23:14 Uhr,ARD-DeutschlandTrend,Mehrheit glaubt an Jamaika
12.10.2017 19:37 Uhr,Fragen und Antworten,Wie geht es weiter für Kunden von Air Berlin?
12.10.2017 16:32 Uhr,Österreich klagt gegen Pkw-Maut,Dürfen die das überhaupt?
12.10.2017 15:24 Uhr,Dobrindt zur Pkw-Maut-Klage,"""Die Maut ist nicht aufzuhalten"""
12.10.2017 14:08 Uhr,Umstrittene Pkw-Maut,Österreich will gegen Deutschland klagen
12.10.2017 11:30 Uhr,Nach Gesetzesänderungen,EU-Kommission stellt Mautverfahren ein
12.10.2017 00:05 Uhr,Brexit-Gespräche,Trennung in Zeitlupe
11.10.2017 20:20 Uhr,Europäische Umweltagentur,Hunderttausende Todesfälle durch Feinstaub
11.10.2017 19:20 Uhr,Schäuble zu Macrons Europa-Plänen,Änderung unrealistisch
11.10.2017 18:28 Uhr,Pläne für EU-Einlagensicherung,"Gesicherte Sparguthaben, ungesicherte Risiken?"
11.10.2017 15:43 Uhr,Gabriel kritisiert Schäuble,"""Zehn zu null für Frankreich"""
11.10.2017 11:06 Uhr,Israelischer Geheimdienst,Neue Spionage-Vorwürfe gegen Kaspersky
11.10.2017 08:33 Uhr,Katalonien und die EU,Separatismus soll nicht Schule machen
11.10.2017 02:42 Uhr,Krise in Katalonien,Puigdemont schwimmen die Felle weg
10.10.2017 21:06 Uhr,Panama Papers,Erste Durchsuchungen in Deutschland
10.10.2017 20:00 Uhr,Krise in Katalonien,Puigdemont verschiebt Unabhängigkeit
10.10.2017 16:05 Uhr,Fragen und Antworten,Was käme nach einer Unabhängigkeit?
10.10.2017 05:15 Uhr,Unabhängigkeit Kataloniens,Wird Puigdemont es wagen?
09.10.2017 21:32 Uhr,Barcelonas Bürgermeisterin,Colau gegen Abspaltung Kataloniens
09.10.2017 17:08 Uhr,Nobelpreis für Verhaltensökonom Thaler,"Der Mann für ""praktische Lebenshilfe"""
09.10.2017 04:21 Uhr,Minister setzen Fangquoten fest,Was dürfen Fischer aus der Ostsee holen?
09.10.2017 04:07 Uhr,Hintergrund zu Katalonien,Woher der Drang zur Eigenständigkeit?
09.10.2017 04:06 Uhr,Katalanen gegen Separatismus,Warum Enrique auf die Straße geht
06.10.2017 17:12 Uhr,Waffenrecht in Australien,Entwaffnet nach Massaker
06.10.2017 13:25 Uhr,Rundfunk-Debatte,"Was ist ""Staatsfunk""?"
04.10.2017 18:54 Uhr,Reform der Mehrwertsteuer,"EU will ""Betrugskarussell"" stoppen"
04.10.2017 15:31 Uhr,Unzulässige Deals mit US-Konzernen,Brüssel knöpft sich Steueroasen vor
03.10.2017 04:26 Uhr,Angriff in Las Vegas,Was bislang bekannt ist
03.10.2017 01:53 Uhr,Waffenrecht in den USA,"300 Millionen Waffen, 30.000 Tote"
02.10.2017 18:31 Uhr,Unabhängigkeitsreferendum in Katalonien,Für Separatisten ein Testballon
02.10.2017 12:07 Uhr,Tödliche Schüsse in Las Vegas,Zahlreiche Fake News auf Twitter
01.10.2017 20:23 Uhr,Wahlkampf in Österreich,Wer hat Schuld am SPÖ-Skandal?
01.10.2017 17:14 Uhr,Türkischer Präsident Erdogan,"""Wir brauchen die EU nicht mehr"""
01.10.2017 04:09 Uhr,Umstrittene Abstimmung,Die Katalanen und ihr Referendum
01.10.2017 03:13 Uhr,Netzwerkdurchsetzungsgesetz,Was regelt das neue Gesetz gegen Hasskommentare?
01.10.2017 03:08 Uhr,Trump zu Puerto Rico,"""Sie wollen, dass alles für sie erledigt wird"""
01.10.2017 03:03 Uhr,Mögliche Koalition,EU-Finanzen - Stolperfalle für Jamaika?
